<!DOCTYPE saskia SYSTEM "saski2.dtd">
<saski>
    <erosleak>
        <eroslea id="1">
            <izena>Mikel García</izena>
            <NAN>12345678A</NAN>
            <telefonoa>+34 612 345 678</telefonoa>
        </eroslea>
    </erosleak>
    <produktuak>
        <produktua id="p1">
            <izena>Gabonetako Gazta</izena>
            <deskribapena>Artisau gazta gazte eta krematsua, tokiko esnearekin egina.</deskribapena>
            <kategoriak>
            <kategoria>Esnekiak</kategoria>
            <kategoria>Artisaua</kategoria>
            </kategoriak>
            <kantitatea>2</kantitatea>
            <prezioa>8.50</prezioa>
            <osagaiak>
            <osagaia>Esnea</osagaia>
            <osagaia>Gatza</osagaia>
            </osagaiak>
            <ekoizlea>
            <izena>Baserri Gaztak</izena>
            <helbidea>Erreka Kalea 12, 20300 Donostia, Gipuzkoa</helbidea>
            </ekoizlea>
        </produktua>
        <produktua id="p2">
            <izena>Jatorrizko Oliba Olioa</izena>
            <deskribapena>Lehortu bezala lehen prentsaketa, zapore bizi eta fruitudunarekin.</deskribapena>
            <kategoriak>
            <kategoria>Olioa</kategoria>
            <kategoria>Gehigarririk gabekoa</kategoria>
            </kategoriak>
            <kantitatea>1</kantitatea>
            <prezioa>12.00</prezioa>
            <osagaiak>
            <osagaia>Oliba</osagaia>
            </osagaiak>
            <ekoizlea>
            <izena>Uraeta Olioak</izena>
            <helbidea>Olgeta Bidea 5, 31001 Iruña, Nafarroa</helbidea>
            </ekoizlea>
        </produktua>
    </produktuak>
</saski>