<jokoa izena="SquidGame">
    <Partidak>
        <Datuak>
            <jokalaria>Mikel</jokalaria>
            <jokoa>Galdetegia</jokoa>
            <puntuazioa>1250</puntuazioa>
            <data>2025-01-18</data>
            <ordua>16:42</ordua>
        </Datuak>
        <Datuak>
            <jokalaria>Ane</jokalaria>
            <jokoa>Harri-Orri-Ar</jokoa>
            <puntuazioa>980</puntuazioa>
            <data>2025-01-18</data>
            <ordua>17:10</ordua>
        </Datuak>
        <Datuak>
            <jokalaria>Iker</jokalaria>
            <jokoa>Urkatua</jokoa>
            <puntuazioa>1430</puntuazioa>
            <data>2025-01-19</data>
            <ordua>13:22</ordua>
        </Datuak>
    </Partidak>
</jokoa>
