{
  "jokoa": "SquidGame",
  "Partidak": [
    {
      "jokalaria": "Mikel",
      "jokoa": "Galdetegia",
      "puntuazioa": 1250,
      "data": "2025-01-18",
      "ordua": "16:42"
    },
    {
      "jokalaria": "Ane",
      "jokoa": "Harri-Orri-Ar",
      "puntuazioa": 980,
      "data": "2025-01-18",
      "ordua": "17:10"
    },
    {
      "jokalaria": "Iker",
      "jokoa": "Urkatua",
      "puntuazioa": 1430,
      "data": "2025-01-19",
      "ordua": "13:22"
    }
  ]
}
