<Faktura>
    <Datuak>
        <Data>2025/06/02</Data>
        <Zenbakia>625 80 65 87</Zenbakia>
        <Bezeroa>Iker</Bezeroa>
        <IFK_NAN>45829364R</IFK_NAN>
        <Helbidea>Estratazpi kalea, 5ºD</Helbidea>
        <Herria>Zumaia</Herria>
    </Datuak>
    <Produktuak>
        <Produktua>
            <Kopurua>5</Kopurua>
            <Azalpena>Oilasko petsugak</Azalpena>
            <Prezioa>5,36€</Prezioa>
            <Zenbatekoa>26,8</Zenbatekoa>
        </Produktua>
        <Produktua>
            <Kopurua>2</Kopurua>
            <Azalpena>Txuleta</Azalpena>
            <Prezioa>25€</Prezioa>
            <Zenbatekoa>50€</Zenbatekoa>
        </Produktua>
    </Produktuak>
    <Baldintzak>
        <Baldintza>20 produkturen erosketarekin %20 deskontua edukiko duzu.</Baldintza>
        <Baldintza>Hilabetean 5 erosketa baino gehiago egin eskero %30 deskontua edukiko duzu datorren hilean.</Baldintza>
    </Baldintzak>
    <Totala>
        <Guztira>76,36€</Guztira>
        <Bez>%21</Bez>
        <OrdaintzekoGuztira>92,39€</OrdaintzekoGuztira>
    </Totala>
</Faktura>