<Kritika>
    <Pelikula>
        <Titulua>Pinotxo</Titulua>
        <Zuzendaria> Guillermo del Toro eta Mark Gustafson</Zuzendaria>
        <Plataforma>Netflix</Plataforma>
        <Estatua>Estatu Batuak</Estatua>
        <Generoa>Drama eta fantasia</Generoa>
        <Iraupena>117min</Iraupena>
        <Sinopsia>Durante el auge del fascismo en la Italia de Mussolini...</Sinopsia>
    </Pelikula>
    <Erreseina>
        <Autorea>Mireia Mullor</Autorea>
        <Data>25/11/2022</Data>
        <Textua>No es de extrañar que Guillermo del Toro haya puesto su nombre en el título de ‘Pinocho’: es...</Textua>
        <Balorazioa>4/5</Balorazioa>
    </Erreseina>
</Kritika>